category,orders,items,revenue,freight,freight_pct_of_price,avg_price,avg_freight,revenue_share_pct
bed_bath_table,9272,10953,1023434.76,201774.5,19.72,93.44,18.42,7.74
furniture_decor,6307,8160,711927.69,168402.23,23.65,87.25,20.64,5.38
sports_leisure,7530,8431,954852.55,163404.36,17.11,113.25,19.38,7.22
housewares,5743,6795,615628.69,142763.56,23.19,90.6,21.01,4.66
garden_tools,3448,4268,470495.28,96650.4,20.54,110.24,22.65,3.56
telephony,4093,4430,309860.23,69342.39,22.38,69.95,15.65,2.34
office_furniture,1254,1668,268154.31,67057.05,25.01,160.76,40.2,2.03
stationery,2264,2466,223788.69,45786.36,20.46,90.75,18.57,1.69
electronics,2517,2729,155043.93,45679.16,29.46,56.81,16.74,1.17
pet_shop,1688,1924,211695.64,38918.56,18.38,110.03,20.23,1.6
fashion_bags_accessories,1820,1985,149329.39,30558.9,20.46,75.23,15.39,1.13
luggage_accessories,1019,1077,138701.63,30076.49,21.68,128.79,27.93,1.05
