customer_state,orders,late_orders,late_pct,avg_delivery_days,avg_review
AL,397,85,21.41,24.5,3.85
MA,717,125,17.43,21.5,3.83
SE,335,51,15.22,21.5,3.91
PI,476,66,13.87,19.4,3.99
CE,1279,176,13.76,21.2,3.94
BA,3256,396,12.16,19.3,3.93
RJ,12350,1495,12.11,15.2,3.97
PA,946,106,11.21,23.7,3.91
ES,1995,214,10.73,15.7,4.08
PB,517,54,10.44,20.4,4.08
TO,274,27,9.85,17.6,4.15
MS,701,68,9.7,15.5,4.16
PE,1593,153,9.6,18.4,4.08
RN,474,44,9.28,19.2,4.15
SC,3546,291,8.21,14.9,4.13
GO,1957,128,6.54,15.5,4.1
RS,5344,325,6.08,15.2,4.19
MT,886,53,5.98,18.0,4.15
DF,2080,118,5.67,12.9,4.13
MG,11354,519,4.57,11.9,4.19
SP,40494,1820,4.49,8.7,4.25
PR,4923,199,4.04,11.9,4.24
RO,243,7,2.88,19.3,4.17
AM,145,4,2.76,26.4,4.24
