month,orders,revenue,aov,revenue_mom_pct,orders_mom_pct,aov_mom_pct
2017-01-01 00:00:00,750,111798.36,149.06,,,
2017-02-01 00:00:00,1653,234223.4,141.7,109.5,120.4,-4.9
2017-03-01 00:00:00,2546,359198.85,141.08,53.4,54.0,-0.4
2017-04-01 00:00:00,2303,340669.68,147.92,-5.2,-9.5,4.8
2017-05-01 00:00:00,3546,489338.25,138.0,43.6,54.0,-6.7
2017-06-01 00:00:00,3135,421923.37,134.58,-13.8,-11.6,-2.5
2017-07-01 00:00:00,3872,481604.52,124.38,14.1,23.5,-7.6
2017-08-01 00:00:00,4193,554699.7,132.29,15.2,8.3,6.4
2017-09-01 00:00:00,4150,607399.67,146.36,9.5,-1.0,10.6
2017-10-01 00:00:00,4478,648247.65,144.76,6.7,7.9,-1.1
2017-11-01 00:00:00,7289,987765.37,135.51,52.4,62.8,-6.4
2017-12-01 00:00:00,5513,726033.19,131.69,-26.5,-24.4,-2.8
2018-01-01 00:00:00,7069,924645.0,130.8,27.4,28.2,-0.7
2018-02-01 00:00:00,6555,826437.13,126.08,-10.6,-7.3,-3.6
2018-03-01 00:00:00,7003,953356.25,136.14,15.4,6.8,8.0
2018-04-01 00:00:00,6798,973534.09,143.21,2.1,-2.9,5.2
2018-05-01 00:00:00,6749,977544.69,144.84,0.4,-0.7,1.1
2018-06-01 00:00:00,6099,856077.86,140.36,-12.4,-9.6,-3.1
2018-07-01 00:00:00,6159,867953.46,140.92,1.4,1.0,0.4
2018-08-01 00:00:00,6351,838576.64,132.04,-3.4,3.1,-6.3
