seller_id,orders,late_orders,late_pct,reviewed_orders,avg_review,low_review_pct,revenue,revenue_share_pct,flagged
1ca7077d890b907f89be8c954a02686a,108,18,16.67,107,2.39,59.81,12474.64,0.094,true
2eb70248d66e0e3ef83659f71b244378,187,21,11.23,184,2.79,47.28,38990.72,0.295,true
972d0f9cf61b499a4812cf0bfa3ad3c4,81,9,11.11,79,3.03,41.77,7910.42,0.06,true
a49928bcdf77c55c6d6e05e09a9b4ca5,96,21,21.88,96,3.03,40.63,8646.9,0.065,true
54965bbe3e4f07ae045b90b0b8541f52,73,22,30.14,69,3.14,40.58,10351.7,0.078,true
bbad7e518d7af88a0897397ffdca1979,68,11,16.18,67,3.18,40.3,4426.32,0.033,true
6fd52c528dcb38be2eea044946b811f8,67,9,13.43,66,3.39,36.36,7743.02,0.059,true
2a1348e9addc1af5aaa619b1a3679d6b,48,13,27.08,47,3.17,36.17,2697.4,0.02,true
712e6ed8aa4aa1fa65dab41fed5737e4,77,16,20.78,76,3.39,35.53,39385.0,0.298,true
0b35c634521043bf4b47e21547b99ab5,50,8,16.0,49,3.41,34.69,13235.65,0.1,true
ad781527c93d00d89a11eecd9dcad7c1,38,12,31.58,38,3.34,34.21,6039.63,0.046,true
602044f2c16190c2c6e45eb35c2e21cb,48,8,16.67,47,3.28,34.04,3559.17,0.027,true
070d165398b553f3b4b851c216b8a358,31,4,12.9,30,3.37,33.33,3333.17,0.025,true
d3f39f05462b79a4562d35893a28f159,33,4,12.12,33,3.61,33.33,2363.4,0.018,true
8444e55c1f13cd5c179851e5ca5ebd00,92,6,6.52,92,3.37,32.61,21480.96,0.162,false
dc8798cbf453b7e0f98745e396cc5616,35,2,5.71,35,3.37,31.43,1733.0,0.013,false
5058e8c1e82653974541e83690655b4a,62,7,11.29,61,3.25,31.15,9812.83,0.074,true
835f0f7810c76831d6c7d24c7a646d4d,42,11,26.19,42,3.36,30.95,4990.2,0.038,true
710e3548e02bc1d2831dfc4f1b5b14d4,131,5,3.82,130,3.43,30.77,22369.25,0.169,false
88460e8ebdecbfecb5f9601833981930,246,42,17.07,245,3.44,30.2,31320.4,0.237,true
82e0a475a88cc9595229d8029273f045,41,4,9.76,41,3.63,29.27,10748.02,0.081,true
ede0c03645598cdfc63ca8237acbe73d,43,14,32.56,42,3.57,28.57,2352.15,0.018,true
c60b801f2d52c7f7f91de00870882a75,39,6,15.38,39,3.44,28.21,11296.5,0.085,true
b2479f944e1b90cf8a5de1bbfde284d6,101,12,11.88,100,3.5,28.0,4666.53,0.035,true
95f83f51203c626648c875dd41874c7f,50,2,4.0,50,3.7,28.0,3077.66,0.023,false
a7f13822ceb966b076af67121f87b063,73,3,4.11,72,3.4,27.78,12017.69,0.091,false
cac4c8e7b1ca6252d8f20b2fc1a2e4af,74,13,17.57,73,3.58,27.4,4128.19,0.031,true
3c7c4a49ec3c6550809089c6a2ca9370,139,8,5.76,139,3.69,27.34,4002.75,0.03,false
18a349e75d307f4b4cc646a691ed4216,109,6,5.5,108,3.6,26.85,7425.21,0.056,false
8e6d7754bc7e0f22c96d255ebda59eba,84,11,13.1,84,3.6,26.19,14107.38,0.107,true
7040e82f899a04d1b434b795a43b4617,208,16,7.69,206,3.65,25.73,9213.7,0.07,true
229c3efbfb0ea2058de4ccdfbc3d784a,118,2,1.69,117,3.62,25.64,15479.0,0.117,false
cd06602b43d8800bd0afad514919d35c,43,2,4.65,43,3.74,25.58,2555.31,0.019,false
ef990a83bbea832f36ebe81376335aa8,43,9,20.93,43,3.63,25.58,4642.59,0.035,true
7c67e1448b00f6e969d365cea6b010ab,973,89,9.15,967,3.5,25.44,186570.05,1.411,false
66dc1b1632bd6a3e508510c5b3492107,36,1,2.78,36,3.64,25.0,3542.19,0.027,false
ea67327e24487bdfac5fbfa37ea124df,32,1,3.13,32,3.53,25.0,6250.18,0.047,false
2089a6d640999f9b9141ac719b2af596,41,5,12.2,41,3.93,24.39,7676.02,0.058,false
ea566164622c6b439516ab18062c42cd,50,9,18.0,50,3.78,24.0,10309.42,0.078,false
1835b56ce799e6a4dc4eddc053f04066,417,43,10.31,414,3.66,23.91,33005.32,0.25,false
5f2684dab12e59f83bef73ae57724e45,67,4,5.97,67,3.79,23.88,8870.97,0.067,false
f46490624488d3ff7ce78613913a7711,80,9,11.25,80,3.76,23.75,5690.95,0.043,false
23613d49c3ac2bd302259e55c06c050c,69,6,8.7,68,3.87,23.53,4193.1,0.032,false
431af27f296bc6519d890aa5a05fdb11,116,16,13.79,115,3.8,23.48,12974.6,0.098,false
897060da8b9a21f655304d50fd935913,304,32,10.53,301,3.71,23.26,21740.51,0.164,false
5343d0649eca2a983820bfe93fc4d17e,70,7,10.0,69,3.87,23.19,9819.02,0.074,false
cee48807215b30a12ca2ca10ffb5f250,39,5,12.82,39,3.77,23.08,7212.23,0.055,false
751bdc4d83a466c7206cd42e8f426b03,51,1,1.96,49,3.94,22.45,6520.96,0.049,false
11bfa66332777660bd0640ee84d47006,76,11,14.47,76,3.89,22.37,3925.87,0.03,false
e2aee0892199b1d92530e371abd825bf,36,5,13.89,36,3.89,22.22,5392.77,0.041,false
165fc07beebdcb6190fba8a06db2a449,50,4,8.0,50,3.8,22.0,17481.4,0.132,false
81f89e42267213cb94da7ddc301651da,46,0,0.0,46,3.67,21.74,3955.0,0.03,false
d1c281d3ae149232351cd8c8cc885f0d,214,14,6.54,212,3.81,21.7,26833.61,0.203,false
6973a06f484aacf400ece213dbf3d946,89,13,14.61,88,3.75,21.59,10418.72,0.079,false
2a261b5b644fa05f4f2700eb93544f2c,51,8,15.69,51,3.86,21.57,5355.0,0.041,false
fffd5413c0700ac820c7069d66d98c89,57,7,12.28,56,3.89,21.43,8535.0,0.065,false
aae3bfea055532c57fb453ed3ec80b30,48,0,0.0,47,3.6,21.28,3057.92,0.023,false
5b179e9e8cc7ab6fd113a46ca584da81,34,2,5.88,33,3.67,21.21,5173.5,0.039,false
609e1a9a6c2539919b8205cf7c4e6ff0,87,1,1.15,85,3.81,21.18,6595.23,0.05,false
d05ae8f7a5bd1d2a690a44cd079e4e27,77,5,6.49,76,3.89,21.05,13244.0,0.1,false
0bf0150d5b9d60d9cd2906003332f085,39,6,15.38,38,3.79,21.05,5774.6,0.044,false
c33847515fa6305ce6feb1e818569f13,114,4,3.51,114,3.85,21.05,15519.85,0.117,false
36a968b544695394e4e9d7572688598f,148,5,3.38,148,3.75,20.95,6864.47,0.052,false
b1fc4f64df5a0e8b6913ab38803c57a9,107,13,12.15,105,3.86,20.95,7994.74,0.06,false
99a54764c341d5dc80b4a8fac4eba3fb,44,5,11.36,43,3.67,20.93,3578.76,0.027,false
855668e0971d4dfd7bef1b6a4133b41b,300,38,12.67,296,3.85,20.61,30849.22,0.233,false
3ab971ce71839580d2ae5b4e40fe8044,35,2,5.71,34,3.91,20.59,4917.0,0.037,false
e96498ed8daaa3e9c23f7a62da76591c,34,5,14.71,34,3.94,20.59,9619.09,0.073,false
44073f8b7e41514de3b7815dd0237f4f,142,5,3.52,141,3.74,20.57,18380.64,0.139,false
213b25e6f54661939f11710a6fddb871,152,10,6.58,151,3.81,20.53,15105.95,0.114,false
dc4a0fc896dc34b0d5bfec8438291c80,225,15,6.67,225,3.82,20.44,23655.98,0.179,false
4a3ccda38b2129705f3fb522db62ca31,64,4,6.25,64,3.93,20.31,16169.09,0.122,false
59b22a78efb79a4797979612b885db36,125,14,11.2,124,3.98,20.16,27184.5,0.206,false
f457c46070d02cadd8a68551231220dd,195,11,5.64,194,3.87,20.1,18798.3,0.142,false
b56906f7fd1696e043f1bcce164c487b,40,2,5.0,40,4.0,20.0,2148.49,0.016,false
1ce3ae5a399804d1a87e706f8a813c3e,40,3,7.5,40,3.75,20.0,2563.0,0.019,false
dd55f1bb788714a40e7954c3be6df745,35,6,17.14,35,3.74,20.0,7041.76,0.053,false
40d54b51e962dbe09cabbcfd33298dee,30,0,0.0,30,4.0,20.0,6785.56,0.051,false
db2956745b3a8e9f3785c99f34b5d25e,45,4,8.89,45,3.84,20.0,8261.0,0.062,false
71039d19d4303bf9054d69e9a9236699,35,7,20.0,35,3.8,20.0,3537.2,0.027,false
d20b021d3efdf267a402c402a48ea64b,86,14,16.28,85,3.75,20.0,3922.3,0.03,false
891071be6ba827b591264c90c2ae8a63,85,12,14.12,85,3.95,20.0,3763.35,0.028,false
70a12e78e608ac31179aea7f8422044b,312,29,9.29,310,3.81,19.68,29963.53,0.227,false
318f287a62ab7ac10b703ac37435a231,51,5,9.8,51,3.92,19.61,2432.48,0.018,false
04308b1ee57b6625f47df1d56f00eedf,92,7,7.61,92,3.95,19.57,58991.8,0.446,false
d2374cbcbb3ca4ab1086534108cc3ab7,514,27,5.25,509,3.78,19.45,20926.02,0.158,false
7ad32824caee82087b3e2e5f33b1bf32,147,19,12.93,144,3.86,19.44,22018.1,0.167,false
3c03b12bab54d8b37d79d914bfdb1aa0,37,6,16.22,36,3.83,19.44,4236.34,0.032,false
f7ccf836d21b2fb1de37564105216cc1,69,5,7.25,67,3.85,19.4,2748.4,0.021,false
3c4e0452bff7a2a788179488d3d77032,32,1,3.13,31,3.84,19.35,3746.4,0.028,false
25c5c91f63607446a97b143d2d535d31,156,11,7.05,155,3.83,19.35,54208.78,0.41,false
4e06067cc08b3f41d837768d392c3ee3,31,1,3.23,31,4.13,19.35,941.72,0.007,false
276677b5d08786d5dce7c2149dcce48b,31,2,6.45,31,4.03,19.35,3424.2,0.026,false
ed4acab38528488b65a9a9c603ff024a,31,0,0.0,31,3.81,19.35,12759.45,0.097,false
f84a00e60c73a49e7e851c9bdca3a5bb,88,9,10.23,88,3.9,19.32,5849.24,0.044,false
75d34ebb1bd0bd7dde40dd507b8169c3,57,7,12.28,57,3.93,19.3,12656.33,0.096,false
5dceca129747e92ff8ef7a997dc4f8ca,322,18,5.59,318,4.01,19.18,111126.73,0.841,false
0ef83d7d83ed97cd2a0049ac8be5f88a,48,1,2.08,47,4.15,19.15,4421.01,0.033,false
822166ed1e47908f7cfb49946d03c726,69,1,1.45,68,3.99,19.12,3714.83,0.028,false
6039e27294dc75811c0d8a39069f52c0,63,11,17.46,63,3.73,19.05,13500.8,0.102,false
2d50d6282f8aa2257819a77bfaa0efe0,42,4,9.52,42,3.81,19.05,3008.48,0.023,false
522620dcb18a6b31cd7bdf73665113a9,172,15,8.72,169,3.91,18.93,56690.49,0.429,false
cca3071e3e9bb7d12640c9fbe2301306,699,34,4.86,688,3.88,18.9,63035.16,0.477,false
1900267e848ceeba8fa32d80c1a5f5a8,406,33,8.13,399,3.87,18.8,24639.57,0.186,false
beadbee30901a7f61d031b6b686095ad,64,15,23.44,64,3.91,18.75,4373.98,0.033,false
5656537e588803a555b8eb41f07a944b,171,10,5.85,171,3.89,18.71,7931.26,0.06,false
4a3ca9315b744ce9f8e9374361493884,1772,172,9.71,1753,3.85,18.43,196882.12,1.489,false
50c9975695009e5e6473912e83a6d1da,50,7,14.0,49,3.94,18.37,3964.4,0.03,false
dd7ddc04e1b6c2c614352b383efe2d36,121,15,12.4,120,3.88,18.33,9148.61,0.069,false
903037660cf848a717166eb7a06d616e,44,5,11.36,44,3.95,18.18,7935.18,0.06,false
98dac6635aee4995d501a3972e047414,89,4,4.49,88,4.15,18.18,4115.75,0.031,false
b839e41795b7f3ad94cc2014a52f6796,33,1,3.03,33,4.09,18.18,42829.0,0.324,false
d93919c944be9cff128f6c9cb899eacb,33,5,15.15,33,4.0,18.18,2666.7,0.02,false
70c27847eca8195c983ed7e798c56743,77,5,6.49,77,4.23,18.18,12077.52,0.091,false
dfa0c4c6229ab200a4a1336b4d7128ff,77,1,1.3,77,4.0,18.18,4777.1,0.036,false
4e922959ae960d389249c378d1c939f5,412,37,8.98,408,3.96,18.14,45338.42,0.343,false
4c2b230173bb36f9b240f2b8ac11786e,258,24,9.3,254,3.98,18.11,14474.57,0.109,false
4e17c65a516f69d023a2ae78b84f28d6,61,3,4.92,61,4.23,18.03,7639.26,0.058,false
09f952a5f58d2285b0372551ae8f9b01,50,3,6.0,50,3.84,18.0,11821.5,0.089,false
dd2bdf855a9172734fbc3744021ae9b9,105,6,5.71,101,3.87,17.82,10607.0,0.08,false
b92e3c8f9738272ff7c59e111e108d7c,62,2,3.23,62,4.16,17.74,8231.09,0.062,false
c31eff8334d6b3047ed34bebd4d62c36,120,14,11.67,119,3.87,17.65,12991.61,0.098,false
4e7c18b98d84e05cbae3ff0ff03846c2,81,3,3.7,80,4.21,17.5,9038.9,0.068,false
688756f717c462a206ad854c5027a64a,81,3,3.7,80,3.89,17.5,5837.67,0.044,false
99eaacc9e6046db1c82b163c5f84869f,63,7,11.11,63,4.0,17.46,12642.28,0.096,false
4c18691b6037662be2df78a765d98ab5,63,4,6.35,63,3.87,17.46,3195.52,0.024,false
ff1fb4c404b2efe68b03350a8dc24122,46,6,13.04,46,4.0,17.39,6771.0,0.051,false
f45122a9ab94eb4f3f8953578bc0c560,184,13,7.07,184,3.97,17.39,21764.68,0.165,false
b14db04aa7881970e83ffa9426897925,78,8,10.26,75,3.77,17.33,5595.9,0.042,false
0be8ff43f22e456b4e0371b2245e4d01,156,10,6.41,156,4.03,17.31,11336.0,0.086,false
2a6fbeaa7ab9e5d59a35841a8da71ce4,30,2,6.67,29,3.93,17.24,1632.79,0.012,false
e5a3438891c0bfdb9394643f95273d8e,216,34,15.74,215,4.0,17.21,7549.96,0.057,false
2528513dd95219a6013d4d05176e391a,160,6,3.75,157,3.97,17.2,32660.2,0.247,false
6b3bd31ad8fcda4b2635ec9f3ff2ecdf,35,3,8.57,35,4.09,17.14,4063.9,0.031,false
bf84056e679dbe9c69929847a40e338f,35,2,5.71,35,3.77,17.14,1918.08,0.015,false
3fd1e727ba94cfe122d165e176ce7967,35,7,20.0,35,3.94,17.14,2747.4,0.021,false
7d13fca15225358621be4086e1eb0964,558,64,11.47,555,4.04,17.12,112436.18,0.85,false
f3da5b2ff499efb8d4a6d371d175d7dd,77,9,11.69,76,3.91,17.11,3540.89,0.027,false
834f8533b2ecb6598dd004ff3de7203a,41,6,14.63,41,3.95,17.07,4324.35,0.033,false
1da366cade6d8276e7d8beea7af5d4bf,42,3,7.14,41,3.98,17.07,6348.59,0.048,false
8160255418d5aaa7dbdc9f4c64ebda44,380,52,13.68,376,3.95,17.02,46368.39,0.351,false
e5a38146df062edaf55c38afa99e42dc,120,9,7.5,119,3.98,16.81,15270.89,0.116,false
1025f0e2d44d7041d6cf58b6550e0bfa,910,72,7.91,902,4.01,16.74,138208.56,1.045,false
23d7c96d4a1160db1c726b248601b25a,50,5,10.0,48,3.93,16.67,10658.24,0.081,false
63b464dbf392c7b80d12d932fa7cafed,36,2,5.56,36,3.86,16.67,6622.0,0.05,false
99002261c568a84cce14d43fcffb43ea,36,2,5.56,36,3.72,16.67,4088.0,0.031,false
48162d548f5b1b11b9d29d1e01f75a61,66,1,1.52,66,3.98,16.67,20109.39,0.152,false
ce7d1888639e6fb06b2749cbfdac1ff7,78,7,8.97,78,4.17,16.67,11793.89,0.089,false
abe42c5d03695b4257b5c6cbf4e6784e,49,8,16.33,48,3.96,16.67,17000.0,0.129,false
0b90b6df587eb83608a64ea8b390cf07,163,6,3.68,162,4.03,16.67,28492.76,0.216,false
8b9d6eec4a7eb7d0f9d579ce0b38324d,48,7,14.58,48,4.06,16.67,4159.55,0.031,false
a3e9a2c700480d9bb01fba070ba80a0e,129,12,9.3,127,4.0,16.54,13371.8,0.101,false
2138ccb85b11a4ec1e37afbd1c8eda1f,388,18,4.64,387,3.96,16.54,12089.22,0.091,false
cd68562d3f44870c08922d380acae552,122,19,15.57,121,4.02,16.53,18119.7,0.137,false
dc317f341ab0e22f39acbd9dbf9b4a1f,55,3,5.45,55,4.15,16.36,18988.4,0.144,false
138dbe45fc62f1e244378131a6801526,49,1,2.04,49,4.08,16.33,1125.56,0.009,false
a6fe7de3d16f6149ffe280349a8535a0,50,6,12.0,49,4.04,16.33,2844.9,0.022,false
e9d99831abad74458942f21e16f33f92,130,13,10.0,129,3.93,16.28,4922.48,0.037,false
e8b3a3a38279a82f0e5d006d5e5b7d2c,80,3,3.75,80,4.01,16.25,11762.4,0.089,false
ef506c96320abeedfb894c34db06f478,316,25,7.91,314,3.96,16.24,9556.5,0.072,false
0176f73cc1195f367f7b32db1e5b3aa8,37,4,10.81,37,4.11,16.22,4643.2,0.035,false
1c68394e931a64f90ea236c5ea590300,142,5,3.52,142,3.9,16.2,24832.75,0.188,false
cfb1a033743668a192316f3c6d1d2671,143,14,9.79,142,4.04,16.2,12609.54,0.095,false
01fd077212124329bac32490e8ef80d9,31,1,3.23,31,4.16,16.13,1208.0,0.009,false
5d3bb11474a06bdc23fb9e89f1164ee0,31,1,3.23,31,3.9,16.13,3654.6,0.028,false
f27e33c6d29b5138fa9967bcd445b6d5,93,8,8.6,93,4.1,16.13,8888.3,0.067,false
06a2c3af7b3aee5d69171b0e14f0ee87,389,74,19.02,385,4.01,16.1,36097.98,0.273,false
4992e76a42cb3aad7a7047e0d3d7e729,56,3,5.36,56,3.96,16.07,2171.2,0.016,false
6560211a19b47992c3666cc44a7e94c0,1819,96,5.28,1805,3.98,16.07,120702.83,0.913,false
b17b679f4f5ce2e03ce6968c62648246,50,8,16.0,50,3.98,16.0,3424.18,0.026,false
8a32e327fe2c1b3511609d81aaf9f042,126,4,3.17,125,3.94,16.0,6101.12,0.046,false
7202e2ba20579a9bd1acb29e61fe71f6,51,2,3.92,50,3.98,16.0,12085.7,0.091,false
adbc26658d6c7b4b6219f9d934598091,88,12,13.64,88,4.13,15.91,11806.4,0.089,false
f4aba7c0bca51484c30ab7bdc34bcdd1,108,6,5.56,108,3.94,15.74,2951.9,0.022,false
a673821011d0cec28146ea42f5ab767f,125,13,10.4,121,4.04,15.7,13366.0,0.101,false
00fc707aaaad2d31347cf883cd2dfe10,103,4,3.88,102,4.06,15.69,12684.9,0.096,false
d5ba419e26d246a0719437cf37d9b46d,33,3,9.09,32,4.0,15.63,3911.5,0.03,false
c3867b4666c7d76867627c2f7fb22e21,228,25,10.96,226,4.08,15.49,34666.9,0.262,false
9674754b5a0cb32b638cec001178f799,84,2,2.38,84,4.11,15.48,4941.73,0.037,false
6d66611d7c44cc30ce351abc49a68421,164,9,5.49,162,3.97,15.43,13428.6,0.102,false
a420f60ff1aa9acc80d0e42959f2b313,67,5,7.46,65,3.95,15.38,7443.3,0.056,false
dd533b429f380718b70ad9922c294bae,39,4,10.26,39,3.92,15.38,2244.88,0.017,false
440dd6ab244315c632130ecfb63827b1,91,12,13.19,91,3.89,15.38,13089.0,0.099,false
8e6cc767478edae941d9bd9eb778d77a,100,6,6.0,98,4.07,15.31,5929.35,0.045,false
bd23da7354813347129d751591d1a6e2,86,2,2.33,85,4.12,15.29,9704.6,0.073,false
582d4f8675b945722eda7c0cb61ba4c7,59,1,1.69,59,4.15,15.25,4702.96,0.036,false
e62b2d6ac10570a035a30bafcf01d263,62,7,11.29,59,3.97,15.25,5340.39,0.04,false
d673a59aac7a70d8b01e6902bf090a11,79,6,7.59,79,3.91,15.19,3908.94,0.03,false
a888faf2d1baececa6baf9c3d603ee1f,53,5,9.43,53,4.09,15.09,17564.8,0.133,false
634964b17796e64304cadf1ad3050fb7,265,25,9.43,265,4.06,15.09,39114.1,0.296,false
6860153b69cc696d5dcfe1cdaaafcf62,74,6,8.11,73,4.1,15.07,3827.63,0.029,false
9e6229250fedbe05838fef417b74e7fb,73,2,2.74,73,3.89,15.07,12962.3,0.098,false
ad420dd0c4f92f8af951ac24b86d0cf5,42,3,7.14,40,4.13,15.0,4705.29,0.036,false
3be634553519fb6536a03e1358e9fdc7,80,6,7.5,80,4.03,15.0,5231.02,0.04,false
c847e075301870dd144a116762eaff9a,41,3,7.32,40,4.2,15.0,15248.8,0.115,false
83deb69e889cf80f82be1dc6d5f2d486,40,2,5.0,40,4.33,15.0,5363.01,0.041,false
7ddcbb64b5bc1ef36ca8c151f6ec77df,325,27,8.31,322,4.03,14.91,54435.66,0.412,false
4c03b9dd4c11ee2cb35c96c49efc9420,48,1,2.08,47,4.11,14.89,6458.6,0.049,false
0691148aee60ca47977c187804f935ae,47,1,2.13,47,4.18,14.89,5868.51,0.044,false
1336efc61c316ddf92c899eb817f7cae,74,6,8.11,74,4.0,14.86,4837.31,0.037,false
813348c996469b40f2e028d5429d3495,172,8,4.65,169,4.07,14.79,10813.53,0.082,false
0c7533c71df861ec58ad7ff999ed0e8d,61,3,4.92,61,4.15,14.75,2989.3,0.023,false
a17f621c590ea0fab3d5d883e1630ec6,63,4,6.35,61,4.16,14.75,2677.92,0.02,false
06579cb253ecd5a3a12a9e6eb6bf8f47,61,4,6.56,61,4.13,14.75,4587.4,0.035,false
77530e9772f57a62c906e1c21538ab82,312,29,9.29,312,4.15,14.74,45676.6,0.345,false
ca3bd7cd9f149df75950150d010fe4a2,68,1,1.47,68,4.09,14.71,9253.47,0.07,false
6fc26fe110feebd80a433e1f012a84f9,35,4,11.43,34,3.91,14.71,4150.87,0.031,false
391fc6631aebcf3004804e51b40bcf1e,521,45,8.64,518,4.05,14.67,39475.3,0.299,false
1d8dbc4f32378d715c717c1c1fc57bae,91,8,8.79,89,4.06,14.61,11205.99,0.085,false
8b28d096634035667e8263d57ba3368c,139,15,10.79,137,4.01,14.6,9025.3,0.068,false
56642bcb79900e777d68e91915cb4267,48,4,8.33,48,4.06,14.58,3657.64,0.028,false
ea8482cd71df3c1969d7b9473ff13abc,1132,96,8.48,1126,4.03,14.56,36696.76,0.278,false
1127b7f2594683f2510f1c2c834a486b,110,2,1.82,110,4.19,14.55,6669.7,0.05,false
3df020b72d3d44b3af9d110fa3940b65,55,5,9.09,55,4.05,14.55,5039.9,0.038,false
96493fab2fbb13a14d0c0e8772eef5c3,63,4,6.35,62,4.06,14.52,18969.0,0.143,false
fd386aa7bed2af3c7035c65506c9b4a3,69,7,10.14,69,4.35,14.49,2304.15,0.017,false
c8b0e2b0a7095e5d8219575d5e7e1181,84,6,7.14,83,4.08,14.46,12170.21,0.092,false
7178f9f4dd81dcef02f62acdf8151e01,202,7,3.47,201,4.06,14.43,36795.4,0.278,false
e9bc59e7b60fc3063eb2290deda4cced,209,16,7.66,209,4.08,14.35,33543.69,0.254,false
b39d7fe263ef469605dbb32608aee0af,43,2,4.65,42,3.93,14.29,5063.2,0.038,false
c8467937e403e76a8ee9f0ab13f6f5ef,30,4,13.33,28,4.07,14.29,1853.79,0.014,false
048c2757535328e0d7dac690ad3c0aae,50,6,12.0,49,4.24,14.29,9065.08,0.069,false
bba74270a87732727b5a3b4fd9ac1c39,35,0,0.0,35,4.06,14.29,5964.6,0.045,false
e8f6dc8e6a1dcde89d20e3995c8d90b3,35,3,8.57,35,4.0,14.29,2148.74,0.016,false
45ba18c210d42734ec52c0c1c574e9ee,35,2,5.71,35,4.11,14.29,5099.44,0.039,false
58f1a6197ed863543e0136bdedb3fce2,42,1,2.38,42,4.14,14.29,6833.0,0.052,false
34056b8b55c1775a22af2331670a799c,77,9,11.69,77,4.04,14.29,6398.7,0.048,false
c826c40d7b19f62a09e2d7c5e7295ee2,346,26,7.51,345,4.13,14.2,44653.04,0.338,false
2e90cb1677d35cfe24eef47d441b7c87,127,16,12.6,127,4.12,14.17,13894.71,0.105,false
76d5af76d0271110f9af36c92573f765,128,12,9.38,127,4.13,14.17,31944.6,0.242,false
92eb0f42c21942b6552362b9b114707d,334,16,4.79,332,4.02,14.16,6416.41,0.049,false
8b321bb669392f5163d04c59e235e066,930,81,8.71,926,4.1,14.15,17262.94,0.131,false
7d76b645482be4a332374e8223836592,172,16,9.3,170,4.0,14.12,3765.74,0.028,false
7aa4334be125fcdd2ba64b3180029f14,214,25,11.68,213,4.13,14.08,16012.95,0.121,false
001cca7ae9ae17fb1caed9dfb1094831,195,12,6.15,192,4.06,14.06,24487.03,0.185,false
76d64c4aca3a7baf218bf93ef7fa768d,64,2,3.13,64,4.23,14.06,16911.8,0.128,false
05f51e13da97139648b8125c31e5f51b,57,9,15.79,57,4.23,14.04,13100.31,0.099,false
a416b6a846a11724393025641d4edd5e,157,17,10.83,157,4.22,14.01,24930.24,0.189,false
002100f778ceb8431b7a1020ff7ab48f,50,9,18.0,50,3.96,14.0,1216.6,0.009,false
1f50f920176fa81dab994f9023523100,1399,124,8.86,1394,4.14,13.99,106655.71,0.807,false
8648b1e89e9b349e32d3741b30ec737e,93,9,9.68,93,4.16,13.98,7228.75,0.055,false
e0a366315b1b726b6c7832d664c0f530,43,1,2.33,43,4.3,13.95,7400.09,0.056,false
f80edd2c5aaa505cc4b0a3b219abf4b8,116,6,5.17,115,4.15,13.91,8855.5,0.067,false
17ca9b9e9b9ef8fdb529001b49ebb50f,115,1,0.87,115,4.07,13.91,9649.86,0.073,false
f262cbc1c910c83959f849465454ddd3,189,14,7.41,188,4.18,13.83,10199.86,0.077,false
6ec1a01e866584bb679eb9b098345919,30,6,20.0,29,4.24,13.79,3998.91,0.03,false
fcb5ace8bcc92f75707dc0f01a27d269,59,2,3.39,58,3.98,13.79,8009.35,0.061,false
0dd184061fb0eaa7ca37932c68ab91c5,161,17,10.56,160,4.03,13.75,18446.92,0.14,false
b1a81260566c1bac3114a6d124413f27,51,0,0.0,51,4.27,13.73,8684.69,0.066,false
7142540dd4c91e2237acb7e911c4eba2,316,23,7.28,314,4.05,13.69,37181.94,0.281,false
06e5eefc71ec47ae763c5c6f8db7064f,90,0,0.0,88,3.98,13.64,21648.67,0.164,false
f789d2c4f2c2eb38fc4373e7a4b35264,44,2,4.55,44,4.16,13.64,4864.24,0.037,false
79ebd9a61bac3eaf882805ed4ecfa12a,133,6,4.51,133,4.05,13.53,14783.09,0.112,false
95e03ca3d4146e4011985981aeb959b9,172,6,3.49,170,4.03,13.53,10865.16,0.082,false
5b8154610ebb21fb90eb587365e673df,37,4,10.81,37,4.16,13.51,9048.05,0.068,false
96804ea39d96eb908e7c3afdb671bb9e,37,1,2.7,37,4.14,13.51,3530.75,0.027,false
0cbcee27c791afa0cdcb08587a2013a8,37,4,10.81,37,4.0,13.51,5054.15,0.038,false
b94cc9f10ddc85e4ba73a6f7974e7101,39,2,5.13,37,4.3,13.51,25346.1,0.192,false
0c8380b62e38e8a1e6adbeba7eb9688c,180,9,5.0,178,4.07,13.48,17228.99,0.13,false
d91fb3b7d041e83b64a00a3edfb37e4f,524,20,3.82,520,4.14,13.46,39926.39,0.302,false
aaed1309374718fdd995ee4c58c9dfcd,104,3,2.88,104,4.06,13.46,9345.45,0.071,false
ececbfcff9804a2d6b40f589df8eef2b,97,9,9.28,97,4.11,13.4,6714.15,0.051,false
f00e21b1e91a79653163b7fd8f293ff1,31,1,3.23,30,4.1,13.33,3900.09,0.029,false
951e8cef368f09bb3f3d03c00ca4702c,62,4,6.45,60,4.13,13.33,3993.31,0.03,false
2bf6a2c1e71bbd29a4ad64e6d3c3629f,30,2,6.67,30,4.17,13.33,50628.9,0.383,false
66e0557ecc2b4dbea057e93f215f68d8,30,6,20.0,30,4.03,13.33,12141.0,0.092,false
6c177e38df6d3f34182b1f1d427231bf,53,1,1.89,53,4.15,13.21,8112.89,0.061,false
16090f2ca825584b5a147ab24aa30c86,398,32,8.04,396,4.09,13.13,25579.16,0.193,false
2c9e548be18521d1c43cde1c582c6de8,124,19,15.32,122,4.13,13.11,6013.56,0.045,false
4869f7a5dfa277a7dca6462dcf3b52b2,1124,118,10.5,1116,4.15,13.08,226987.93,1.717,false
3bb548e3cb7f70f28e3f11ee9dce0e59,46,0,0.0,46,4.2,13.04,7690.02,0.058,false
fdb9095204a334cd8872252ffec6f2db,46,3,6.52,46,4.18,13.04,8156.0,0.062,false
0db783cfcd3b73998abc6e10e59a102f,132,5,3.79,131,4.21,12.98,9077.4,0.069,false
fa1a9dec3a9940c072684a46728bf1fc,55,0,0.0,54,4.11,12.96,6674.0,0.05,false
5c6d4016c2a288f074fa0848a2b653d2,31,3,9.68,31,4.16,12.9,3100.0,0.023,false
72c5da29406b4234927b81855e7b64f6,31,1,3.23,31,4.13,12.9,11798.69,0.089,false
4917cee8d902e13428c3ec4b1ca6f315,31,1,3.23,31,4.16,12.9,5103.9,0.039,false
20cb7c2fde3e5bf10f0bbe7394e1c6a9,31,3,9.68,31,4.1,12.9,845.0,0.006,false
2745f798279e0ed033addcc1474776d7,32,3,9.38,31,3.97,12.9,3668.53,0.028,false
4559697a8f7e637227c2eeaed843baff,39,3,7.69,39,4.21,12.82,3486.3,0.026,false
53e4c6e0f4312d4d2107a8c9cddf45cd,463,22,4.75,461,4.13,12.8,29587.77,0.224,false
8a432f4e5b471f8da497d7dc517666e2,95,2,2.11,94,4.19,12.77,7555.0,0.057,false
b33e7c55446eabf8fe1a42d037ac7d6d,149,17,11.41,149,4.2,12.75,44215.17,0.334,false
cc419e0650a3c5ba77189a1882b7556a,1651,87,5.27,1647,4.15,12.75,101090.96,0.765,false
056b4ada5bbc2c50cc7842547dda6b51,64,7,10.94,63,4.21,12.7,12203.4,0.092,false
8e8a7ce9f2f970dc00e2acf6f6e199f6,63,4,6.35,63,4.0,12.7,8821.0,0.067,false
48436dade18ac8b2bce089ec2a041202,134,10,7.46,134,4.1,12.69,11821.11,0.089,false
30a2f535bb48308f991d0b9ad4a8c4bb,71,2,2.82,71,4.28,12.68,4731.3,0.036,false
cb3dd9ce66268c7a3ca7241ac70ab58c,48,2,4.17,48,4.2,12.5,2788.32,0.021,false
ce248b21cb2adc36282ede306b7660e5,64,5,7.81,64,4.23,12.5,13560.19,0.103,false
232a6014e7b10cba61c6c2b2ea6bb4b0,32,1,3.13,32,4.16,12.5,3819.97,0.029,false
9b013e03b2ab786505a1d3b5c0756754,170,7,4.12,169,4.22,12.43,8714.55,0.066,false
5a8e7d5003a1f221f9e1d6e411de7c23,137,5,3.65,137,4.17,12.41,11042.1,0.084,false
701938c450705b8ae65fc923b70f35c7,74,3,4.05,73,4.0,12.33,11879.29,0.09,false
1da3aeb70d7989d1e6d9b0e887f97c23,261,12,4.6,260,4.17,12.31,8691.56,0.066,false
41b39e28db005d9731d9d485a83b4c38,187,9,4.81,187,4.18,12.3,16306.75,0.123,false
7681ef142fd2c19048da7430856b5588,58,5,8.62,57,4.23,12.28,31211.81,0.236,false
0adac9fbd9a2b63cccaac4f8756c1ca8,106,6,5.66,106,4.09,12.26,15557.6,0.118,false
7dc8c42cc750eeafea6c85712ffee9bf,41,2,4.88,41,4.2,12.2,6409.68,0.048,false
3d8fa2f5b647373c8620330c4e077a9f,42,1,2.38,41,4.23,12.2,3501.74,0.026,false
066a6914e1ebf3ea95a216c73a986b91,66,2,3.03,66,4.09,12.12,8956.38,0.068,false
6a0cbc8af2e8abd1bdfb777943d174c6,34,3,8.82,33,4.03,12.12,3788.15,0.029,false
218d46b86c1881d022bce9c68a7d4b15,382,33,8.64,380,4.19,12.11,53710.3,0.406,false
01cf7e3d21494c41fb86034f2e714fa1,59,3,5.08,58,4.12,12.07,9439.56,0.071,false
3b15288545f8928d3e65a8f949a28291,101,7,6.93,100,4.08,12.0,13764.82,0.104,false
0d85bbda9889ce1f7e63778d24f346eb,51,6,11.76,50,4.2,12.0,4845.2,0.037,false
8f2ce03f928b567e3d56181ae20ae952,151,19,12.58,150,4.15,12.0,21213.2,0.16,false
f0b47fbbc6dee9aafe415a6e33051b3f,67,7,10.45,67,4.25,11.94,3766.92,0.028,false
94144541854e298c2d976cb893b81343,68,3,4.41,67,4.25,11.94,17286.28,0.131,false
966cb4760537b1404caedd472cc610a5,67,2,2.99,67,4.12,11.94,45928.26,0.347,false
669ae81880e08f269a64487cfb287169,161,7,4.35,160,4.26,11.88,13133.87,0.099,false
4d6d651bd7684af3fffabd5f08d12e5a,363,14,3.86,362,4.22,11.88,42999.0,0.325,false
86ccac0b835037332a596a33b6949ee1,178,4,2.25,177,4.23,11.86,15894.34,0.12,false
db4350fd57ae30082dec7acbaacc17f9,136,5,3.68,135,4.16,11.85,3304.32,0.025,false
b2ba3715d723d245138f291a6fe42594,324,22,6.79,321,4.2,11.84,49302.18,0.373,false
5d0363b33554b373851fc1622e4d5f3c,93,8,8.6,93,4.08,11.83,6548.79,0.05,false
da8622b14eb17ae2831f4ac5b9dab84a,1311,87,6.64,1305,4.18,11.8,159816.87,1.209,false
ec8879960bd2221d5c32f8e12f7da711,35,6,17.14,34,4.29,11.76,3957.5,0.03,false
33ac3e28642ab8bda860a2f693000e78,34,0,0.0,34,4.21,11.76,3661.03,0.028,false
e24fc9fcd865784fb25705606fe3dfe7,51,4,7.84,51,4.16,11.76,12768.0,0.097,false
004c9cd9d87a3c30c522c48c4fc07416,156,10,6.41,154,4.16,11.69,19569.73,0.148,false
05d2173d43ea568aa0540eba70d2ca76,62,3,4.84,60,4.18,11.67,5759.66,0.044,false
b32be1695eb7ec5f10f72d9610a12527,44,2,4.55,43,4.14,11.63,26575.0,0.201,false
f3b80352b986ab4d1057a4b724be19d0,86,0,0.0,86,4.21,11.63,9815.1,0.074,false
1c129092bf23f28a5930387c980c0dfc,200,9,4.5,199,4.25,11.56,9528.62,0.072,false
624f4ece8da4aafb77699233d480f8ef,52,4,7.69,52,4.25,11.54,9046.0,0.068,false
2a7dc43cecabf23403078e2188437d1d,52,3,5.77,52,4.1,11.54,4795.91,0.036,false
bd0389da23d89b726abf911cccc54596,87,6,6.9,87,4.17,11.49,7472.16,0.057,false
cbd996ad3c1b7dc71fd0e5f5df9087e2,160,13,8.13,157,4.21,11.46,8217.5,0.062,false
7722b1df1b0e383e000397b2c11e3e19,133,4,3.01,132,4.23,11.36,7046.6,0.053,false
432c37c9dfba871172ec162e20118b8c,44,4,9.09,44,4.25,11.36,2679.87,0.02,false
1838dd9b8977065acf51d95e0053ea7a,62,2,3.23,62,4.37,11.29,2750.5,0.021,false
ceaec5548eefc6e23e6607c5435102e7,198,10,5.05,195,4.2,11.28,51478.18,0.389,false
2e1c9f22be269ef4643f826c9e650a52,161,10,6.21,160,4.24,11.25,12170.24,0.092,false
f84fa566034f5e8e880a07ec624c56af,89,9,10.11,89,4.25,11.24,4993.91,0.038,false
827f8f69dfa529c561901c4f2e0f332f,91,6,6.59,89,4.29,11.24,3408.39,0.026,false
00ee68308b45bc5e2660cd833c3f81cc,135,10,7.41,134,4.3,11.19,20260.0,0.153,false
620c87c171fb2a6dd6e8bb4dec959fc6,722,63,8.73,716,4.31,11.17,112461.5,0.851,false
382229d1e840115ffe3dbf5ff460e417,45,3,6.67,45,4.27,11.11,4037.06,0.031,false
ce27a3cc3c8cc1ea79d11e561e9bebb6,122,2,1.64,117,4.19,11.11,9465.45,0.072,false
e067ad2c1c0b48758eb1b5228bcf7a68,54,4,7.41,54,4.15,11.11,5042.55,0.038,false
5cbbd5a299cab112b7bf23862255e43e,36,0,0.0,36,4.28,11.11,2726.06,0.021,false
dbb9b48c841a0e39e21f98e1a6b2ec3e,108,4,3.7,108,4.27,11.11,7186.85,0.054,false
46dc3b2cc0980fb8ec44634e21d2718e,503,29,5.77,497,4.27,11.07,122811.38,0.929,false
c9c7905cffc4ef9ff9f113554423e671,127,10,7.87,127,4.14,11.02,10657.18,0.081,false
17e34d8224d27a541263c4c64b11a56b,247,19,7.69,245,4.25,11.02,54440.28,0.412,false
7e3f87d16fb353f408d467e74fbd8014,91,6,6.59,91,4.16,10.99,4653.09,0.035,false
ccc4bbb5f32a6ab2b7066a4130f114e3,184,12,6.52,183,4.32,10.93,72926.72,0.552,false
7a241947449cc45dbfda4f9d0798d9d0,56,4,7.14,55,4.15,10.91,7434.66,0.056,false
1e8b33f18b4f7598d87f5cbee2282cc2,122,4,3.28,120,4.4,10.83,17233.56,0.13,false
729f06993dac8e860d4f02d7088ca48a,94,9,9.57,93,4.22,10.75,19885.18,0.15,false
3078096983cf766a32a06257648502d1,56,2,3.57,56,4.3,10.71,7910.84,0.06,false
45d33f715e24d15a6ccf5c17b3a23e3c,56,3,5.36,56,4.14,10.71,4518.49,0.034,false
9c0e69c7bf2619675bbadf47b43f655a,151,13,8.61,150,4.17,10.67,32720.4,0.247,false
3db66a856d18a9cba7c9241fc5221c50,94,10,10.64,94,4.19,10.64,9478.3,0.072,false
bfd27a966d91cfaafdb25d076585f0da,114,6,5.26,113,4.32,10.62,19225.0,0.145,false
f5a590cf36251cf1162ea35bef76fe84,113,8,7.08,113,4.27,10.62,51232.78,0.387,false
8cbac7e12637ed9cffa18c7875207478,66,4,6.06,66,4.17,10.61,2955.98,0.022,false
9d5a9018aee56acb367ba9c3f05d1d6a,66,1,1.52,66,4.45,10.61,10119.98,0.077,false
e9779976487b77c6d4ac45f75ec7afe9,645,39,6.05,642,4.26,10.59,42229.69,0.319,false
128639473a139ac0f3e5f5ade55873a5,527,22,4.17,521,4.21,10.56,11795.85,0.089,false
de23c3b98a88888289c6f5cc1209054a,161,12,7.45,161,4.29,10.56,25933.67,0.196,false
f7ba60f8c3f99e7ee4042fdef03b70c4,218,30,13.76,218,4.22,10.55,68070.0,0.515,false
0241d4d5d36f10f80c644447315af0bd,238,11,4.62,237,4.35,10.55,31397.7,0.237,false
daeb5653dd96c1b11860f72209795012,38,3,7.89,38,4.25,10.53,1864.1,0.014,false
7e1fb0a3ebfb01ffb3a7dae98bf3238d,155,18,11.61,153,4.19,10.46,26169.53,0.198,false
3d871de0142ce09b7081e2b9d1733cb1,1064,58,5.45,1053,4.19,10.45,93407.4,0.706,false
53243585a1d6dc2643021fd1853d8905,348,12,3.45,346,4.19,10.4,217940.44,1.648,false
b4a476fbd28de64b1e347abf9089366a,30,2,6.67,29,4.14,10.34,4479.04,0.034,false
b76dba6c951ab00dc4edf0a1aa88037e,157,5,3.18,155,4.22,10.32,2545.31,0.019,false
5c243662ce92d84573bfaff24c3e3700,98,1,1.02,97,4.14,10.31,32862.02,0.249,false
4830e40640734fc1c52cd21127c341d4,204,10,4.9,204,4.23,10.29,9490.5,0.072,false
1554a68530182680ad5c8b042c3ab563,246,15,6.1,244,4.33,10.25,28979.64,0.219,false
37515688008a7a40ac93e3b2e4ab203f,227,18,7.93,225,4.1,10.22,5954.1,0.045,false
955fee9216a65b617aa5c0531780ce60,1261,77,6.11,1253,4.2,10.22,131836.71,0.997,false
b499c00f28f4b7069ff6550af8c1348a,147,19,12.93,147,4.23,10.2,10162.18,0.077,false
d94a40fd42351c259927028d163af842,100,3,3.0,98,4.21,10.2,13674.8,0.103,false
25cf099de44674fde97473224f9d59ab,50,2,4.0,49,4.33,10.2,1654.36,0.013,false
e26901d5ab434ce92fd9b5c256820a4e,197,3,1.52,197,4.2,10.15,11601.5,0.088,false
e59aa562b9f8076dd550fcddf0e73491,69,6,8.7,69,4.26,10.14,30716.3,0.232,false
6b243f80ed07b10f0e8aa0f21a205f3c,79,3,3.8,79,4.27,10.13,6260.1,0.047,false
974cf2cb8f4b7add98709c30df02fe10,30,1,3.33,30,4.17,10.0,2694.7,0.02,false
3c487ae8f8d7542beff5788e2e0aea83,30,1,3.33,30,4.2,10.0,9385.7,0.071,false
1d4587203296c8f4ad134dc286fa6db0,40,1,2.5,40,4.35,10.0,2287.5,0.017,false
c9aafcd0621b2207c10e32c649cada4d,40,3,7.5,40,4.33,10.0,2671.26,0.02,false
1b4c3a6f53068f0b6944d2d005c9fc89,111,5,4.5,110,4.25,10.0,14420.5,0.109,false
6f892e20a171e98efe17fdb971ff319b,41,4,9.76,40,4.15,10.0,6049.0,0.046,false
b74d1c09cb380e1d03a6f859c6f4224b,30,4,13.33,30,4.3,10.0,2174.61,0.016,false
058fd0aa2bfdb2274e05e1ae971dabb6,60,4,6.67,60,4.38,10.0,7549.9,0.057,false
7b07b3c7487f0ea825fc6df75abd658b,91,4,4.4,91,4.42,9.89,9259.47,0.07,false
562fc2f2c2863ab7e79a9e4388a58a14,255,8,3.14,253,4.23,9.88,8659.25,0.065,false
7a67c85e85bb2ce8582c35f2203ad736,1145,60,5.24,1137,4.27,9.85,139658.69,1.056,false
17a053fcb14bd219540cbde0df490be0,124,7,5.65,122,4.25,9.84,40353.24,0.305,false
f214d28e8d8e3ef068748498ccc2f813,52,4,7.69,51,4.27,9.8,2152.43,0.016,false
b4ffb71f0cb1b1c3d63fad021ecf93e1,143,3,2.1,143,4.25,9.79,6635.69,0.05,false
ebd2d60905fb58271facef5596b620d3,82,3,3.66,82,4.23,9.76,7713.02,0.058,false
e63e8bfa530fb16910dd6956e592bb81,41,2,4.88,41,4.32,9.76,1282.8,0.01,false
fe2032dab1a61af8794248c8196565c9,293,26,8.87,289,4.39,9.69,65689.71,0.497,false
78c99c6dff4eeae5be99bf635ed21e3f,31,2,6.45,31,4.42,9.68,2030.88,0.015,false
93dc87703c046b603023e75222018b45,33,3,9.09,31,4.13,9.68,8149.35,0.062,false
aac29b1b99776be73c3049939652091d,94,9,9.57,93,4.17,9.68,6563.66,0.05,false
33576ec5412fb5905d876f12f33bfde6,31,1,3.23,31,4.1,9.68,2718.0,0.021,false
aba1721a889e04decc910aa13b768ef4,83,6,7.23,83,4.45,9.64,14103.3,0.107,false
259f7b5e6e482c230e5bfaa670b6bb8f,136,2,1.47,135,4.36,9.63,8393.14,0.063,false
6a8b085f816a1f75f92dbac6eb545f8f,125,10,8.0,125,4.17,9.6,5884.17,0.045,false
f8db351d8c4c4c22c6835c19a46f01b0,659,28,4.25,656,4.27,9.6,50082.6,0.379,false
fa1c13f2614d7b5c4749cbc52fecda94,578,53,9.17,574,4.37,9.58,190917.14,1.444,false
8581055ce74af1daba164fdbd55a40de,379,31,8.18,378,4.31,9.52,64011.22,0.484,false
b18dc380845b24038cfc48006478f099,43,5,11.63,42,4.21,9.52,7753.96,0.059,false
c013e57c075a06e5b5c48ee03c525719,42,2,4.76,42,4.24,9.52,1971.55,0.015,false
b372ee768ed69e46ca8cdbd267aa7a38,63,0,0.0,63,4.44,9.52,12630.0,0.096,false
8d956fec2e4337affcb520f56fd8cbfd,210,13,6.19,210,4.21,9.52,10988.2,0.083,false
31344c16881c08a8a72c6d2eb29918c1,42,2,4.76,42,4.43,9.52,9365.8,0.071,false
520b493b57809f446cb0a233bb3e25c7,63,1,1.59,63,4.29,9.52,3698.9,0.028,false
9f505651f4a6abe901a56cdc21508025,393,16,4.07,390,4.37,9.49,25912.84,0.196,false
7ea5bfa6c340f58f8e71fc1f0412b0d6,96,6,6.25,95,4.19,9.47,10838.41,0.082,false
a1043bafd471dff536d0c462352beb48,702,35,4.99,700,4.28,9.43,99309.23,0.751,false
750303a20e9c56b2a6bc45cdce0b897d,53,2,3.77,53,4.3,9.43,7876.0,0.06,false
b561927807645834b59ef0d16ba55a24,85,12,14.12,85,4.34,9.41,4501.99,0.034,false
6481e96574816ead57975da2c0f6d80d,32,1,3.13,32,4.19,9.38,3324.9,0.025,false
8bd0f31cf0a614c658f6763bd02dea69,33,1,3.03,32,4.28,9.38,4455.34,0.034,false
1a3df491d1c4f1589fc2b934ada68bf2,160,6,3.75,160,4.27,9.38,22472.4,0.17,false
0df3984f9dfb3d49ac6366acbd3bbb85,86,1,1.16,86,4.38,9.3,9891.49,0.075,false
3f995f07c49d0d55a99d5c54957f7d81,43,1,2.33,43,4.21,9.3,3955.7,0.03,false
406822777a0b9eb5c50e442dd4cd3ec5,44,5,11.36,43,4.33,9.3,3548.09,0.027,false
aafe36600ce604f205b86b5084d3d767,129,5,3.88,129,4.4,9.3,9251.4,0.07,false
850f4f8af5ea87287ac68de36e29107f,186,9,4.84,183,4.3,9.29,45285.37,0.343,false
85d9eb9ddc5d00ca9336a2219c97bb13,499,11,2.2,496,4.22,9.27,15107.24,0.114,false
062ce95fa2ad4dfaedfc79260130565f,54,2,3.7,54,4.09,9.26,7479.1,0.057,false
8ae520247981aa06bc94abddf5f46d34,65,0,0.0,65,4.45,9.23,16320.99,0.123,false
de722cd6dad950a92b7d4f82673f8833,337,12,3.56,336,4.3,9.23,55126.3,0.417,false
dfc5fb7259bb2b599ca565e6e9448f0f,33,1,3.03,33,4.12,9.09,6124.63,0.046,false
afe0067131b73e40875c9b6c10bd2e21,45,2,4.44,44,4.27,9.09,5040.5,0.038,false
cc5a78bbad32776dc4e3af205218368c,33,1,3.03,33,4.45,9.09,4269.18,0.032,false
0ffa40d54288e4f3499b8780dd0f144f,33,4,12.12,33,4.48,9.09,2162.8,0.016,false
7d456afc660226829370f3173d14520c,55,2,3.64,55,4.35,9.09,8118.25,0.061,false
3bdff180c7e1f6551a643b99c265a120,56,1,1.79,55,4.25,9.09,3008.2,0.023,false
cc63f0dd2acba93ffed4fe9f8e0321fa,55,0,0.0,55,4.09,9.09,7096.71,0.054,false
5160d23075764e18e07c1f4a87fad743,33,0,0.0,33,4.36,9.09,2359.0,0.018,false
65febd49fd28ec955651299159b1f527,33,0,0.0,33,4.45,9.09,4136.71,0.031,false
1b8356dabde1d35e17cef975c3f82730,55,1,1.82,55,4.22,9.09,3366.4,0.025,false
37be5a7c751166fbc5f8ccba4119e043,269,7,2.6,266,4.32,9.02,54735.55,0.414,false
17f51e7198701186712e53a39c564617,56,5,8.93,56,4.34,8.93,48019.0,0.363,false
fc906263ca5083d09dce42fe02247800,112,0,0.0,112,4.39,8.93,4417.9,0.033,false
c70c1b0d8ca86052f45a432a38b73958,260,14,5.38,258,4.37,8.91,36289.15,0.274,false
870d0118f7a9d85960f29ad89d5d989a,45,2,4.44,45,4.04,8.89,3157.2,0.024,false
537eb890efff034a88679788b647c564,158,6,3.8,158,4.24,8.86,4617.9,0.035,false
26d8a1c7c75d513045798992ead43aa2,34,3,8.82,34,4.41,8.82,5937.13,0.045,false
e333046ce6517bd8bb510291d44f0130,68,3,4.41,68,4.34,8.82,7268.0,0.055,false
b90e891671cffd9557f33a97dc523645,34,0,0.0,34,4.32,8.82,4449.0,0.034,false
efcd8d2104f1a05d028af7bad20d974b,46,1,2.17,46,4.2,8.7,2384.79,0.018,false
381c83fdca332ea6afd896da20bf6e4a,46,1,2.17,46,4.39,8.7,7355.8,0.056,false
d50d79cb34e38265a8649c383dcffd48,70,3,4.29,69,4.25,8.7,13012.42,0.098,false
6d803cb79cc31c41c4c789a75933b3c7,58,4,6.9,58,4.25,8.62,8711.4,0.066,false
1eade46fba20122dc4aefb379f8c636b,58,7,12.07,58,4.43,8.62,3635.37,0.027,false
ff063b022a9a0aab91bad2c9088760b7,94,3,3.19,93,4.31,8.6,12076.5,0.091,false
11305281b50fff20ae8bb473f8e11876,35,4,11.43,35,4.31,8.57,6528.7,0.049,false
240b9776d844d37535668549a396af32,35,1,2.86,35,4.34,8.57,13332.09,0.101,false
bd4889b5e9133b35b66e42a8665cea5c,36,0,0.0,35,4.4,8.57,6271.9,0.047,false
33a6f4b1e7cdc205511e76ba1b6e0186,105,2,1.9,105,4.41,8.57,10295.01,0.078,false
fde0cc9ea29c8ccfc0a2c22256a58c71,35,1,2.86,35,4.49,8.57,3922.0,0.03,false
8bb48dc19fccaa8613b6229bf7f452a2,82,2,2.44,82,4.41,8.54,4190.72,0.032,false
530ec6109d11eaaf87999465c6afee01,94,1,1.06,94,4.34,8.51,12682.11,0.096,false
4c498c7345e89aebad651544829beca0,47,5,10.64,47,4.28,8.51,4570.27,0.035,false
c6bda72e4dbf5c5866b13cb1810c6d03,59,2,3.39,59,4.4,8.47,14059.38,0.106,false
ba143b05f0110f0dc71ad71b4466ce92,83,10,12.05,83,4.46,8.43,5998.7,0.045,false
80e6699fe29150b372a0c8a1ebf7dcc8,96,3,3.13,95,4.34,8.42,11119.66,0.084,false
900ba814c251a692506d7834c1218441,86,12,13.95,84,4.23,8.33,28833.03,0.218,false
325f3178fb58e2a9778334621eecdbf9,36,0,0.0,36,4.44,8.33,981.7,0.007,false
6edacfd9f9074789dad6d62ba7950b9c,205,9,4.39,205,4.39,8.29,12966.4,0.098,false
d57e18d5f73c7ccb7f7339b61166898d,61,0,0.0,61,4.43,8.2,3187.7,0.024,false
b6d44737c043328708f6749c2dbe50bd,61,4,6.56,61,4.52,8.2,5284.6,0.04,false
7e93a43ef30c4f03f38b393420bc753a,319,15,4.7,318,4.36,8.18,165981.49,1.255,false
54a1852d1b8f10312c55e906355666ee,198,15,7.58,197,4.36,8.12,17056.46,0.129,false
14d7985702e72162bbf13b6beb74ab2b,37,4,10.81,37,4.32,8.11,3887.0,0.029,false
bacb1f0ed56ad24198f5810d2b3fe9a5,38,1,2.63,37,4.32,8.11,6078.05,0.046,false
a3a38f4affed601eb87a97788c949667,251,11,4.38,249,4.4,8.03,26294.62,0.199,false
8f119a0aee85c0c8fc534629734e94fd,75,3,4.0,75,4.28,8.0,3578.88,0.027,false
1f9ab4708f3056ede07124aad39a2554,76,4,5.26,75,4.09,8.0,13312.93,0.101,false
7f7b8245c336066a1f9933c359f11d77,38,1,2.63,38,4.55,7.89,2094.36,0.016,false
75fbb52eda0cbc24f479d3b2fbfa8d3e,38,2,5.26,38,4.45,7.89,1094.19,0.008,false
527801b552d0077ffd170872eb49683b,90,9,10.0,89,4.47,7.87,17942.8,0.136,false
640e21a7d01df7614a3b4923e990d40c,115,5,4.35,115,4.33,7.83,7528.89,0.057,false
ef0ace09169ac090589d85746e3e036f,128,10,7.81,128,4.4,7.81,16105.4,0.122,false
670c26e0f1bf8d0576271d5cfaec6d2b,77,4,5.19,77,4.31,7.79,6250.1,0.047,false
2a84855fd20af891be03bc5924d2b453,155,4,2.58,154,4.38,7.79,14989.0,0.113,false
d98eec89afa3380e14463da2aabaea72,168,4,2.38,167,4.34,7.78,6968.53,0.053,false
d6b1ce66b035a475f00c017792ff9769,92,5,5.43,90,4.28,7.78,12277.4,0.093,false
2b3e4a2a3ea8e01938cabda2a3e5cc79,52,0,0.0,52,4.37,7.69,23629.15,0.179,false
9616352088dcf83a7c06637f4ebf1c80,91,0,0.0,91,4.34,7.69,5643.1,0.043,false
3f3486b61f45078d4f31ee5e43d8c5bb,39,4,10.26,39,4.33,7.69,3769.73,0.029,false
dbc22125167c298ef99da25668e1011f,394,10,2.54,393,4.32,7.63,32829.12,0.248,false
dee656f0f566ed1aa85bd137c943f08f,92,4,4.35,92,4.37,7.61,6212.08,0.047,false
c3cfdc648177fdbbbb35635a37472c53,278,4,1.44,277,4.47,7.58,43048.18,0.326,false
25e6ffe976bd75618accfe16cefcbd0d,106,3,2.83,106,4.44,7.55,11552.62,0.087,false
febab0275244b9a49a623f0bd613ca2f,106,4,3.77,106,4.44,7.55,7094.82,0.054,false
9add47bf45ce8e8c7db6b9cf670b1e09,41,1,2.44,40,4.22,7.5,4606.44,0.035,false
a2e874074c877c5a05abae80ad6e488f,40,2,5.0,40,4.25,7.5,7355.0,0.056,false
20d83f3ef0e6925fd74bfd59170babf7,40,2,5.0,40,4.4,7.5,2903.6,0.022,false
612170e34b97004b3ba37eae81836b4c,107,1,0.93,107,4.43,7.48,23065.02,0.174,false
8c16d1f32a54d92897cc437244442e1b,108,1,0.93,107,4.36,7.48,5642.6,0.043,false
5cf13accae3222c70a9cac40818ae839,148,3,2.03,147,4.48,7.48,14293.3,0.108,false
7008613ea464bad5cb9b83456e1e6a8f,123,6,4.88,122,4.28,7.38,7538.7,0.057,false
0432ead42b6c8a0bdf68154add917fdf,82,2,2.44,82,4.54,7.32,7574.4,0.057,false
59fb871bf6f4522a87ba567b42dafecf,123,7,5.69,123,4.28,7.32,21178.6,0.16,false
edb1ef5e36e0c8cd84eb3c9b003e486d,165,12,7.27,165,4.44,7.27,79144.9,0.599,false
fa40cc5b934574b62717c68f3d678b6d,304,16,5.26,303,4.48,7.26,15900.48,0.12,false
81a1104df0f08b59c68aa5b03cfe398e,72,3,4.17,70,4.31,7.14,9320.98,0.07,false
d650b663c3b5f6fb392b6326366efa9a,57,3,5.26,57,4.37,7.02,18335.9,0.139,false
4371b634e0efc0e22b09b52907d9d469,101,7,6.93,100,4.48,7.0,8168.0,0.062,false
4b9750c8ad28220fe6702d4ecb7c898f,217,13,5.99,217,4.36,6.91,15815.4,0.12,false
42b729f859728f5079499127a9c2ef37,103,8,7.77,102,4.48,6.86,4096.96,0.031,false
b8bc237ba3788b23da09c0f1f3a3288c,45,1,2.22,44,4.32,6.82,13685.71,0.104,false
c66dccfb3f109511246da627dd5a2498,44,2,4.55,44,4.57,6.82,12182.55,0.092,false
c68fb906c8f4b4b946d8386bfa6e5467,45,1,2.22,44,4.52,6.82,4541.16,0.034,false
bccf933e006e9b94a6184af782963e77,45,1,2.22,44,4.52,6.82,4162.74,0.031,false
4da0e408c99d2fdc2126dc9fce518060,44,0,0.0,44,4.41,6.82,3026.0,0.023,false
acce39e832338debb07b02385cde5967,44,0,0.0,44,4.48,6.82,4748.1,0.036,false
f7720c4fa8e3aba4546301ab80ea1f1b,59,3,5.08,59,4.26,6.78,2043.55,0.015,false
08633c14ef2db992c11f840f04fad4cd,74,4,5.41,74,4.36,6.76,7644.3,0.058,false
b2ac621f0d0322434d04a12b078b9369,30,3,10.0,30,4.4,6.67,9575.5,0.072,false
6b90f847357d8981edd79a1eb1bf0acb,45,0,0.0,45,4.36,6.67,3322.08,0.025,false
f680f85bee2d253556ac91be391d2c82,45,1,2.22,45,4.33,6.67,5183.92,0.039,false
e38db885400cd35c71dfd162f2c1dbcf,30,3,10.0,30,4.47,6.67,2066.8,0.016,false
70eea00b476a314817cefde4aad4f89a,106,7,6.6,105,4.41,6.67,31424.75,0.238,false
b335c59ab742f751a85db9c411a86739,30,1,3.33,30,4.03,6.67,2494.11,0.019,false
c8b3445d737de6befde0c88ede534a5e,30,1,3.33,30,4.43,6.67,3149.04,0.024,false
0bae85eb84b9fb3bd773911e89288d54,136,1,0.74,136,4.29,6.62,7433.56,0.056,false
d12c926d74ceff0a90a21184466ce161,76,1,1.32,76,4.36,6.58,3850.28,0.029,false
7299e27ed73d2ad986de7f7c77d919fa,335,14,4.18,335,4.43,6.57,34107.44,0.258,false
aced59e9b31ef866a94f9e7f29d8d418,61,2,3.28,61,4.43,6.56,7268.5,0.055,false
5f1dc28029d2c244352a68107ec2b542,62,1,1.61,61,4.43,6.56,2807.3,0.021,false
9b00ed88b7fdb95d6ff76e27c1b52d16,46,3,6.52,46,4.54,6.52,1567.88,0.012,false
cab85505710c7cb9b720bceb52b01cee,201,4,1.99,200,4.33,6.5,11124.6,0.084,false
9baf5cb77970f539089d09a38bcec5c3,31,0,0.0,31,4.42,6.45,5989.68,0.045,false
7b0df942f46435babab05d49b744b2c4,32,3,9.38,31,4.39,6.45,22600.63,0.171,false
f67efa3f0b6761102a7f8c6b7b571f5d,31,0,0.0,31,4.48,6.45,5188.68,0.039,false
0ebd97a106433a45a4aebe57c1799778,31,0,0.0,31,4.48,6.45,3046.8,0.023,false
715bbd5ba4e6b74cb0d2f29eb45058b0,62,5,8.06,62,4.47,6.45,4043.3,0.031,false
cd6efc47efaabf134f8bdb654e10b4f1,31,2,6.45,31,4.48,6.45,4158.55,0.031,false
6c7d50c24b3ccd2fd83b44d8bb34e073,112,2,1.79,111,4.45,6.31,8445.96,0.064,false
fad44952713764836814be105382aee5,32,0,0.0,32,4.28,6.25,5129.0,0.039,false
3340ef1913fb70d28420f6ceb685c339,32,1,3.13,32,4.38,6.25,6731.15,0.051,false
87142160b41353c4e5fca2360caf6f92,305,12,3.93,304,4.41,6.25,31095.98,0.235,false
f62d7bb4a613ec758a03342d46b580b2,32,3,9.38,32,4.38,6.25,24665.0,0.187,false
eeb6de78f79159600292e314a77cbd18,82,3,3.66,82,4.44,6.1,43510.84,0.329,false
1caf283236cd69af44cbc09a0a1e7d32,33,3,9.09,33,4.61,6.06,917.6,0.007,false
0ea22c1cfbdc755f86b9b54b39c16043,234,2,0.85,231,4.41,6.06,10592.1,0.08,false
42bde9fef835393bb8a8849cb6b7f245,34,1,2.94,34,4.35,5.88,7574.0,0.057,false
e49c26c3edfa46d227d5121a6b6e4d37,34,0,0.0,34,4.56,5.88,3624.35,0.027,false
9646c3513289980f17226a2fc4720dbd,69,2,2.9,69,4.45,5.8,2964.4,0.022,false
6338ea67c41078a46ad99cc009654956,37,0,0.0,35,4.6,5.71,2286.09,0.017,false
d9a84e1403de8da0c3aa531d6d108ba6,53,3,5.66,53,4.58,5.66,1385.3,0.01,false
2dee2ce60de9709b1a24083217181a1f,54,1,1.85,54,4.43,5.56,7784.5,0.059,false
9de4643a8dbde634fe55621059d92273,72,2,2.78,72,4.53,5.56,17560.34,0.133,false
3586b8580d9c917874e053a1bb37b5ff,36,1,2.78,36,4.42,5.56,1524.7,0.012,false
32b8764b4ef628b53608fc34011fcc13,36,1,2.78,36,4.19,5.56,8884.0,0.067,false
f181738b150df1f37cb0bd72e705b193,36,3,8.33,36,4.47,5.56,5529.7,0.042,false
01fdefa7697d26ad920e9e0346d4bd1b,128,7,5.47,127,4.38,5.51,14802.53,0.112,false
289cdb325fb7e7f891c38608bf9e0962,109,2,1.83,109,4.59,5.5,13410.55,0.101,false
66922902710d126a0e7d26b0e3805106,150,11,7.33,149,4.5,5.37,14267.3,0.108,false
8a130737016f838139d31878787a39c9,56,4,7.14,56,4.45,5.36,4222.03,0.032,false
ba90964cff9b9e0e6f32b23b82465f7b,38,2,5.26,38,4.42,5.26,44212.5,0.334,false
113e3a788b935f48aad63e1c41dac1bd,39,2,5.13,38,4.32,5.26,847.35,0.006,false
e882b2a25a10b9c057cc49695f222c19,57,0,0.0,57,4.58,5.26,51057.54,0.386,false
05ff92fedb5be47920fea08e501238b9,57,2,3.51,57,4.32,5.26,21235.98,0.161,false
d66c305afaec317ebee552073a674429,38,1,2.63,38,4.47,5.26,4126.59,0.031,false
d921b68bf747894be13a97ae52b0f386,77,1,1.3,77,4.56,5.19,15645.8,0.118,false
c864036feaab8c1659f65ea4faebe1da,58,2,3.45,58,4.57,5.17,10454.2,0.079,false
91f848e9f4be368f4318775aac733370,60,1,1.67,58,4.4,5.17,5668.61,0.043,false
34d1ca11b242c0fee2c834ae8d788566,40,0,0.0,39,4.33,5.13,13422.24,0.102,false
d23019c84ffae2d5ef2270367b8605fc,39,1,2.56,39,4.41,5.13,29205.1,0.221,false
55a5b51f93f2b70ea513f5a047b0262a,39,1,2.56,39,4.46,5.13,4002.3,0.03,false
cce6ab8d1682639fe45ab70234f1665f,61,2,3.28,61,4.51,4.92,2442.7,0.018,false
0ed6ce5d87fd9c69eaacaeb778d67235,42,6,14.29,41,4.39,4.88,2026.52,0.015,false
57e632711dec9ec14ca7546769483e7e,62,0,0.0,62,4.42,4.84,6350.06,0.048,false
5b925e1d006e9476d738aa200751b73b,63,4,6.35,63,4.6,4.76,7748.5,0.059,false
02f623a8eb246f3c5f7c2f96462654e6,44,3,6.82,43,4.56,4.65,6378.0,0.048,false
643214e62b870443ccbe55ab29a4dccf,65,7,10.77,65,4.4,4.62,3229.23,0.024,false
c003204e1ab016dfa150abc119207b24,195,10,5.13,195,4.47,4.62,24904.29,0.188,false
cb8bcce248bb1fb274ba762d8b971456,66,1,1.52,66,4.33,4.55,9152.4,0.069,false
834f3294fba9f932f56edc879193f925,66,4,6.06,66,4.55,4.55,39907.5,0.302,false
2a5b78b41cd05baeac8df54c6606b92c,46,1,2.17,46,4.54,4.35,15554.28,0.118,false
994f04b3718c2bab35c2adfa8afecd2a,47,3,6.38,47,4.3,4.26,3289.8,0.025,false
729b2d09b2a0bdab221076327f13d050,48,2,4.17,48,4.56,4.17,1805.21,0.014,false
9d4db00d65d7760644ac0c14edb5fd86,97,4,4.12,96,4.54,4.17,9845.71,0.074,false
080102cd0a76b09e0dcf55fcacc60e05,122,5,4.1,122,4.52,4.1,5612.65,0.042,false
282f23a9769b2690c5dda22e316f9941,98,4,4.08,98,4.37,4.08,6464.28,0.049,false
744dac408745240a2c2528fb1b6028f3,78,1,1.28,78,4.58,3.85,22322.6,0.169,false
1bb2bdb95f4841f1bba2c0d2cd83d3c9,79,5,6.33,78,4.63,3.85,4905.76,0.037,false
12b9676b00f60f3b700e83af21824c0e,133,1,0.75,132,4.54,3.79,26376.0,0.199,false
3504c0cb71d7fa48d967e0e4c94d59d9,53,0,0.0,53,4.42,3.77,2349.94,0.018,false
a5cba26a62b8b4d0145b68b841e62e7f,53,1,1.89,53,4.57,3.77,14438.84,0.109,false
d9bd94811c3338dceb4181f3dbc0c73e,54,3,5.56,54,4.8,3.7,6911.02,0.052,false
2ff97219cb8622eaf3cd89b7d9c09824,87,3,3.45,87,4.54,3.45,4339.1,0.033,false
6cd68b3ed6d59aaa9fece558ad360c0a,149,2,1.34,149,4.46,3.36,11188.57,0.085,false
02f5837340d7eb4f653d676c7256523a,30,1,3.33,30,4.83,3.33,3883.05,0.029,false
e8b4225284fbb02d16f200513f1f395d,30,3,10.0,30,4.3,3.33,5638.62,0.043,false
116ccb1a1604bc88e4d234a8c23f33de,61,2,3.28,61,4.64,3.28,2004.89,0.015,false
d566c37fa119d5e66c4e9052e83ee4ea,65,0,0.0,64,4.69,3.13,5145.7,0.039,false
d13e50eaa47b4cbe9eb81465865d8cfc,66,6,9.09,66,4.82,3.03,7073.05,0.053,false
ac3508719a1d8f5b7614b798f70af136,101,2,1.98,100,4.64,3.0,12446.14,0.094,false
a3dd39f583bc80bd8c5901c95878921e,34,1,2.94,34,4.59,2.94,4607.81,0.035,false
bf3c6d2a28b2b5501e6c15448982dcc9,35,1,2.86,35,4.6,2.86,3956.5,0.03,false
718539d38d07dd351c76db862760e2e2,35,0,0.0,35,4.63,2.86,1273.01,0.01,false
31561f325664a8a7aba4c8d0c3a9b3db,36,0,0.0,36,4.64,2.78,2702.19,0.02,false
516e7738bd8f735ac19a010ee5450d8d,74,2,2.7,74,4.64,2.7,6463.19,0.049,false
594f9aaa48e5bf431f011ddc5669b0d5,37,1,2.7,37,4.59,2.7,3248.8,0.025,false
5a93f3ab0ef4c84ed5e1b5dbf23978bc,38,1,2.63,38,4.79,2.63,2299.28,0.017,false
b1ac6ea7895bc3dd6f0f6f4abbdd2821,38,0,0.0,38,4.53,2.63,2962.0,0.022,false
d1b65fc7debc3361ea86b5f14c68d2e2,39,1,2.56,39,4.64,2.56,11413.17,0.086,false
6df688df543f90e9b38f4319e75a9d88,39,0,0.0,39,4.56,2.56,1891.76,0.014,false
43f8c9950d11ecd03a0304a49e010da6,41,2,4.88,41,4.56,2.44,4249.59,0.032,false
23c38debaffe4a25a30fdbd9b586a13f,41,5,12.2,41,4.32,2.44,5382.18,0.041,false
5f3ae9136c875522250f8184f253413a,42,2,4.76,42,4.64,2.38,1143.05,0.009,false
dbd66278cbfe1aa1000f90a217ca4695,85,3,3.53,85,4.51,2.35,4928.9,0.037,false
33a17d60c64393351ebf1ef860f4e0f2,43,1,2.33,43,4.63,2.33,8152.48,0.062,false
725c32fa80c2faacc4fc88450d27314e,89,1,1.12,87,4.52,2.3,7838.88,0.059,false
abcd2cb37d46c2c8fb1bf071c859fc5b,44,2,4.55,44,4.32,2.27,4817.32,0.036,false
83e197e95a1bbabc8c75e883ed016c47,46,1,2.17,46,4.8,2.17,6574.19,0.05,false
376a891762bbdecbc02b4b6adec3fdda,57,2,3.51,57,4.67,1.75,6406.23,0.048,false
709e16e2b25c7474d980076c6bfc4806,60,2,3.33,60,4.52,1.67,5151.9,0.039,false
080199a181c46c657dc5aa235411be3b,79,1,1.27,78,4.62,1.28,14504.2,0.11,false
0509040ea3fe50071181bbc359eb7738,87,4,4.6,86,4.48,1.16,3689.35,0.028,false
b410bdd36d5db7a65dcd42b7ead933b8,42,0,0.0,42,4.81,0.0,7368.9,0.056,false
18e694e0e48ed6f7aa3f24aade5fd697,31,1,3.23,31,4.68,0.0,701.54,0.005,false
48efc9d94a9834137efd9ea76b065a38,33,0,0.0,33,5.0,0.0,345.6,0.003,false
